"Day","Month","Year","RentedBikeCount","Temperature","Humidity","WindSpeed","Visibility","DewPointTemp","SolarRadiation","Rainfall","Snowfall","Seasons","Holiday","Functioning.Day","Time"
1,12,2017,930,-7.6,37,1.1,2000,-19.8,0.01,0,0,"Winter","No Holiday","Yes","Morning"
2,12,2017,219,-4.2,79,2.1,1436,-7.3,0.01,0,0,"Winter","No Holiday","Yes","Morning"
3,12,2017,85,3.2,92,1.8,244,2,0,0,0,"Winter","No Holiday","Yes","Morning"
4,12,2017,937,-0.8,69,3.5,954,-5.7,0.01,0,0,"Winter","No Holiday","Yes","Morning"
5,12,2017,812,-8.1,36,1.6,2000,-20.5,0.01,0,0,"Winter","No Holiday","Yes","Morning"
6,12,2017,802,-4.2,78,0,1518,-7.4,0.01,0,0.2,"Winter","No Holiday","Yes","Morning"
7,12,2017,754,-0.2,96,0.8,173,-0.7,0.01,0,0.8,"Winter","No Holiday","Yes","Morning"
8,12,2017,780,-7,59,0.8,1559,-13.6,0.01,0,0,"Winter","No Holiday","Yes","Morning"
9,12,2017,222,-5.4,56,0.7,1940,-12.8,0.01,0,0,"Winter","No Holiday","Yes","Morning"
10,12,2017,35,-0.2,90,1.2,378,-1.6,0,0,4.1,"Winter","No Holiday","Yes","Morning"
11,12,2017,653,-6,38,3.6,1994,-18,0.01,0,0,"Winter","No Holiday","Yes","Morning"
12,12,2017,580,-12.3,52,1.3,1914,-20.1,0,0,0,"Winter","No Holiday","Yes","Morning"
13,12,2017,591,-11.4,47,3.3,2000,-20.4,0,0,0,"Winter","No Holiday","Yes","Morning"
14,12,2017,621,-10.4,54,1.1,1432,-17.9,0.01,0,0,"Winter","No Holiday","Yes","Morning"
15,12,2017,658,-6.6,64,1.1,791,-12.2,0,0,0,"Winter","No Holiday","Yes","Morning"
16,12,2017,190,-7.3,62,2.6,1112,-13.3,0,0,0,"Winter","No Holiday","Yes","Morning"
17,12,2017,94,-10.7,43,0.9,2000,-20.8,0,0,0,"Winter","No Holiday","Yes","Morning"
18,12,2017,146,-4.6,86,1.2,508,-6.5,0,0,2,"Winter","No Holiday","Yes","Morning"
19,12,2017,390,-5.2,58,2.2,1594,-12.1,0,0,2.5,"Winter","No Holiday","Yes","Morning"
20,12,2017,466,-7.8,65,1.1,1738,-13.2,0,0,2,"Winter","No Holiday","Yes","Morning"
21,12,2017,423,-5.6,89,0.9,371,-7.1,0,0,2.2,"Winter","No Holiday","Yes","Morning"
22,12,2017,544,-0.4,69,0.5,904,-5.4,0,0,0.7,"Winter","Holiday","Yes","Morning"
23,12,2017,188,5.1,83,0.9,297,2.4,0,0,0,"Winter","No Holiday","Yes","Morning"
24,12,2017,4,4.6,91,1.7,95,3.2,0,0,0,"Winter","Holiday","Yes","Morning"
25,12,2017,94,-4.9,44,3,2000,-15.3,0,0,0,"Winter","Holiday","Yes","Morning"
26,12,2017,578,-2.7,68,2.2,1919,-7.7,0,0,0,"Winter","No Holiday","Yes","Morning"
27,12,2017,502,-10.2,35,1.8,2000,-22.7,0,0,0,"Winter","No Holiday","Yes","Morning"
28,12,2017,554,-4.7,30,0.6,2000,-19.6,0,0,0,"Winter","No Holiday","Yes","Morning"
29,12,2017,636,1,68,0.6,624,-4.2,0,0,0,"Winter","No Holiday","Yes","Morning"
30,12,2017,162,-0.4,78,0.5,249,-3.7,0,0,0,"Winter","No Holiday","Yes","Morning"
31,12,2017,84,-2.1,86,1.4,354,-4.1,0,0,1.2,"Winter","Holiday","Yes","Morning"
1,1,2018,89,-5,55,1,2000,-12.6,0,0,0,"Winter","Holiday","Yes","Morning"
2,1,2018,655,-3.4,71,0.8,1179,-7.9,0,0,0,"Winter","No Holiday","Yes","Morning"
3,1,2018,670,-7,49,1.5,1971,-15.9,0,0,0,"Winter","No Holiday","Yes","Morning"
4,1,2018,646,-8.6,55,0.6,1984,-16,0,0,0,"Winter","No Holiday","Yes","Morning"
5,1,2018,665,-5.3,51,1,1319,-13.8,0,0,0,"Winter","No Holiday","Yes","Morning"
6,1,2018,186,-6.5,62,1.1,1503,-12.5,0,0,0,"Winter","No Holiday","Yes","Morning"
7,1,2018,122,-5.3,53,1.1,1411,-13.4,0,0,0,"Winter","No Holiday","Yes","Morning"
8,1,2018,701,0.7,45,0.7,1339,-9.9,0,0,0,"Winter","No Holiday","Yes","Morning"
9,1,2018,554,-6,64,3.2,1384,-11.7,0,0,0.7,"Winter","No Holiday","Yes","Morning"
10,1,2018,387,-7.9,67,2.6,1896,-12.9,0,0,0.7,"Winter","No Holiday","Yes","Morning"
11,1,2018,443,-12.6,61,1.6,1610,-18.5,0,0,0,"Winter","No Holiday","Yes","Morning"
12,1,2018,419,-15.1,44,1.2,2000,-24.6,0,0,0,"Winter","No Holiday","Yes","Morning"
13,1,2018,67,-6.5,72,0.8,670,-10.7,0,0,0.2,"Winter","No Holiday","Yes","Morning"
14,1,2018,81,-3.8,79,0.8,412,-6.9,0,0,0,"Winter","No Holiday","Yes","Morning"
15,1,2018,444,4.1,85,1.1,470,1.7,0,0,0,"Winter","No Holiday","Yes","Morning"
16,1,2018,650,1.2,68,0.6,411,-4,0,0,0,"Winter","No Holiday","Yes","Morning"
17,1,2018,537,2.6,70,0.6,296,-2.3,0,0,0,"Winter","No Holiday","Yes","Morning"
18,1,2018,537,1.1,86,1.2,197,-0.9,0,0,0,"Winter","No Holiday","Yes","Morning"
19,1,2018,648,-2.5,50,1,1281,-11.5,0,0,0,"Winter","No Holiday","Yes","Morning"
20,1,2018,191,0.3,63,0.4,1140,-5.9,0,0,0,"Winter","No Holiday","Yes","Morning"
21,1,2018,115,-3.6,53,0.5,1227,-11.8,0,0,0,"Winter","No Holiday","Yes","Morning"
22,1,2018,683,-0.7,32,0.5,1991,-15.3,0,0,0,"Winter","No Holiday","Yes","Morning"
23,1,2018,423,-13,41,4,2000,-23.5,0,0,1,"Winter","No Holiday","Yes","Morning"
24,1,2018,364,-16.2,30,1.6,2000,-29.8,0,0,0.9,"Winter","No Holiday","Yes","Morning"
25,1,2018,349,-16.4,32,3.3,2000,-29.2,0.01,0,0.6,"Winter","No Holiday","Yes","Morning"
26,1,2018,322,-17.8,40,2.5,2000,-28.1,0,0,0.5,"Winter","No Holiday","Yes","Morning"
27,1,2018,84,-15.9,58,0.9,1369,-22.2,0,0,0.3,"Winter","No Holiday","Yes","Morning"
28,1,2018,72,-8.1,43,1.7,1943,-18.5,0,0,0,"Winter","No Holiday","Yes","Morning"
29,1,2018,450,-11.5,38,1,1998,-23,0.01,0,0,"Winter","No Holiday","Yes","Morning"
30,1,2018,491,-11.1,61,0.7,1963,-17.1,0.01,0,0,"Winter","No Holiday","Yes","Morning"
31,1,2018,273,-3.6,83,1.7,915,-6,0,0,3.5,"Winter","No Holiday","Yes","Morning"
1,2,2018,459,-8.6,59,1,1948,-15.1,0.01,0,1.6,"Winter","No Holiday","Yes","Morning"
2,2,2018,558,-7.4,58,2.2,1882,-14.2,0.01,0,0,"Winter","No Holiday","Yes","Morning"
3,2,2018,116,-9.5,56,3.5,1979,-16.6,0.01,0,0.3,"Winter","No Holiday","Yes","Morning"
4,2,2018,70,-12.8,56,2.4,1507,-19.7,0.02,0,0,"Winter","No Holiday","Yes","Morning"
5,2,2018,433,-11.5,40,2.8,2000,-22.4,0.02,0,0,"Winter","No Holiday","Yes","Morning"
6,2,2018,438,-12.7,41,3.1,2000,-23.2,0.02,0,0,"Winter","No Holiday","Yes","Morning"
7,2,2018,469,-13.3,60,0.6,1598,-19.4,0.02,0,0,"Winter","No Holiday","Yes","Morning"
8,2,2018,507,-9.7,65,0.8,1508,-15,0.02,0,0,"Winter","No Holiday","Yes","Morning"
9,2,2018,589,-3.3,39,0.9,1279,-15.3,0.02,0,0,"Winter","No Holiday","Yes","Morning"
10,2,2018,188,1.6,82,1.3,349,-1.1,0.01,0,0,"Winter","No Holiday","Yes","Morning"
11,2,2018,81,-9.4,29,1.9,1967,-24.1,0.03,0,0,"Winter","No Holiday","Yes","Morning"
12,2,2018,517,-9.1,33,2.1,1998,-22.4,0.03,0,0,"Winter","No Holiday","Yes","Morning"
13,2,2018,568,-7.1,68,0.6,1931,-12,0.03,0,0,"Winter","No Holiday","Yes","Morning"
14,2,2018,606,2.1,65,1.1,1559,-3.8,0.01,0,0,"Winter","No Holiday","Yes","Morning"
15,2,2018,112,-3,38,1,2000,-15.4,0,0,0,"Winter","Holiday","Yes","Morning"
16,2,2018,68,-5.4,38,0.7,2000,-17.5,0.04,0,0,"Winter","Holiday","Yes","Morning"
17,2,2018,80,-7.1,30,1.7,1991,-21.7,0.04,0,0,"Winter","Holiday","Yes","Morning"
18,2,2018,92,-4.8,31,0.8,2000,-19.3,0.02,0,0,"Winter","No Holiday","Yes","Morning"
19,2,2018,646,-1.2,51,0.8,1800,-10,0.05,0,0,"Winter","No Holiday","Yes","Morning"
20,2,2018,727,-2.1,71,1.7,610,-6.6,0.06,0,0,"Winter","No Holiday","Yes","Morning"
21,2,2018,718,-4.3,36,1.9,1955,-17.1,0.06,0,0,"Winter","No Holiday","Yes","Morning"
22,2,2018,783,-3.6,63,0.9,1473,-9.6,0.07,0,0,"Winter","No Holiday","Yes","Morning"
23,2,2018,391,-0.2,97,0.4,197,-0.6,0.05,0,3.7,"Winter","No Holiday","Yes","Morning"
24,2,2018,203,0,77,2.8,289,-3.5,0.06,0,0,"Winter","No Holiday","Yes","Morning"
25,2,2018,158,-1.3,54,0.6,1597,-9.4,0.06,0,0,"Winter","No Holiday","Yes","Morning"
26,2,2018,786,-2.9,63,0.7,1386,-8.9,0.11,0,0,"Winter","No Holiday","Yes","Morning"
27,2,2018,767,2,51,0.7,990,-7,0,0,0,"Winter","No Holiday","Yes","Morning"
28,2,2018,816,5.7,57,2.5,458,-2.1,0.04,0,0,"Winter","No Holiday","Yes","Morning"
1,3,2018,148,1.5,80,3.2,1246,-1.5,0.04,0,0,"Spring","Holiday","Yes","Morning"
2,3,2018,617,-6.2,45,0.4,1600,-16.2,0.17,0,0,"Spring","No Holiday","Yes","Morning"
3,3,2018,306,0.4,38,1.8,1564,-12.3,0.16,0,0,"Spring","No Holiday","Yes","Morning"
4,3,2018,70,8.3,97,0.6,152,7.8,0.01,0,0,"Spring","No Holiday","Yes","Morning"
5,3,2018,184,3.6,88,2.3,2000,1.7,0.03,0,0,"Spring","No Holiday","Yes","Morning"
6,3,2018,997,-0.7,76,1,1461,-4.4,0.2,0,0,"Spring","No Holiday","Yes","Morning"
7,3,2018,1032,2.6,63,1.6,1857,-3.7,0.14,0,0,"Spring","No Holiday","Yes","Morning"
8,3,2018,88,3,94,0.3,444,2.1,0.01,0,0,"Spring","No Holiday","Yes","Morning"
9,3,2018,1041,1.8,67,0.7,1917,-3.6,0.19,0,0,"Spring","No Holiday","Yes","Morning"
10,3,2018,340,1.5,73,1.2,466,-2.8,0.11,0,0,"Spring","No Holiday","Yes","Morning"
11,3,2018,212,2.8,82,1.2,240,0,0.19,0,0,"Spring","No Holiday","Yes","Morning"
12,3,2018,1066,3.8,47,0.8,1229,-6.5,0.06,0,0,"Spring","No Holiday","Yes","Morning"
13,3,2018,1215,8,48,0.4,711,-2.3,0.12,0,0,"Spring","No Holiday","Yes","Morning"
14,3,2018,1371,14.2,67,0.9,1812,8.1,0.06,0,0,"Spring","No Holiday","Yes","Morning"
15,3,2018,39,14.1,97,1.1,342,13.6,0,0,0,"Spring","No Holiday","Yes","Morning"
16,3,2018,1176,3.8,56,2.4,2000,-4.1,0.32,0,0,"Spring","No Holiday","Yes","Morning"
17,3,2018,384,1.3,57,1,1974,-6.2,0.32,0,0,"Spring","No Holiday","Yes","Morning"
18,3,2018,293,5.9,58,1.8,861,-1.7,0.11,0,0,"Spring","No Holiday","Yes","Morning"
19,3,2018,592,7.3,84,2.2,813,4.7,0.05,0,0,"Spring","No Holiday","Yes","Morning"
20,3,2018,1212,4.3,43,4.2,2000,-7.2,0.37,0,0,"Spring","No Holiday","Yes","Morning"
21,3,2018,1097,1.6,42,1.8,2000,-9.9,0.13,0,0,"Spring","No Holiday","Yes","Morning"
22,3,2018,1174,1.1,79,1.7,1480,-2.1,0.36,0,0,"Spring","No Holiday","Yes","Morning"
23,3,2018,1216,2.6,77,1.3,567,-1,0.21,0,0,"Spring","No Holiday","Yes","Morning"
24,3,2018,424,4.5,49,0.4,580,-5.3,0.19,0,0,"Spring","No Holiday","Yes","Morning"
25,3,2018,225,5,79,1.1,203,1.6,0.23,0,0,"Spring","No Holiday","Yes","Morning"
26,3,2018,983,6.4,90,1.4,117,4.8,0.13,0,0,"Spring","No Holiday","Yes","Morning"
27,3,2018,1201,9.3,62,0.6,519,2.3,0.25,0,0,"Spring","No Holiday","Yes","Morning"
28,3,2018,1353,10.3,77,0.7,341,6.4,0.37,0,0,"Spring","No Holiday","Yes","Morning"
29,3,2018,1281,13.3,80,1.2,369,9.9,0.14,0,0,"Spring","No Holiday","Yes","Morning"
30,3,2018,1406,11.5,60,1.6,550,3.9,0.42,0,0,"Spring","No Holiday","Yes","Morning"
31,3,2018,489,10.4,65,0.8,979,4,0.41,0,0,"Spring","No Holiday","Yes","Morning"
1,4,2018,342,12.9,64,1.5,778,6.2,0.06,0,0,"Spring","No Holiday","Yes","Morning"
2,4,2018,1469,15.7,75,1.1,804,11.2,0.11,0,0,"Spring","No Holiday","Yes","Morning"
3,4,2018,1677,17.3,71,0.5,1481,11.9,0.17,0,0,"Spring","No Holiday","Yes","Morning"
4,4,2018,1284,10.3,86,2.5,2000,8,0.15,0,0,"Spring","No Holiday","Yes","Morning"
5,4,2018,207,6.7,94,2.7,1127,5.7,0.05,2,0,"Spring","No Holiday","Yes","Morning"
6,4,2018,1235,5.9,90,2.8,1820,4.3,0.32,0,0,"Spring","No Holiday","Yes","Morning"
7,4,2018,399,2.4,44,4.3,1375,-8.6,0.41,0,0,"Spring","No Holiday","Yes","Morning"
8,4,2018,332,2.9,53,1.5,1892,-5.7,0.68,0,0,"Spring","No Holiday","Yes","Morning"
9,4,2018,1163,1,97,0.9,148,0.5,0.22,0,0,"Spring","No Holiday","Yes","Morning"
10,4,2018,1702,9.6,38,1.4,1527,-4,0.58,0,0,"Spring","No Holiday","Yes","Morning"
11,4,2018,0,9.7,77,1.6,519,5.8,0.68,0,0,"Spring","No Holiday","No","Morning"
12,4,2018,1789,8.9,48,1.1,1444,-1.5,0.69,0,0,"Spring","No Holiday","Yes","Morning"
13,4,2018,1721,10.6,27,1.1,2000,-7.6,0.39,0,0,"Spring","No Holiday","Yes","Morning"
14,4,2018,17,7.7,88,1.4,516,5.8,0.08,1,0,"Spring","No Holiday","Yes","Morning"
15,4,2018,401,7,78,0.9,656,3.4,0.56,0,0,"Spring","No Holiday","Yes","Morning"
16,4,2018,1713,6.9,54,0.7,1706,-1.7,0.85,0,0,"Spring","No Holiday","Yes","Morning"
17,4,2018,1920,8.7,49,0.8,1520,-1.4,0.68,0,0,"Spring","No Holiday","Yes","Morning"
18,4,2018,1815,8.3,36,0.6,1335,-5.9,0.82,0,0,"Spring","No Holiday","Yes","Morning"
19,4,2018,20,9.6,39,0.8,1003,-3.7,0.79,0,0,"Spring","No Holiday","Yes","Morning"
20,4,2018,1659,13,54,1.2,738,3.8,0.68,0,0,"Spring","No Holiday","Yes","Morning"
21,4,2018,600,14.6,54,0.9,431,5.3,0.89,0,0,"Spring","No Holiday","Yes","Morning"
22,4,2018,429,16.3,40,0.8,1982,2.6,0.25,0,0,"Spring","No Holiday","Yes","Morning"
23,4,2018,25,8.8,95,2.8,519,8,0.03,5,0,"Spring","No Holiday","Yes","Morning"
24,4,2018,1502,10.5,79,1.3,2000,7,0.29,0,0,"Spring","No Holiday","Yes","Morning"
25,4,2018,1900,8.8,37,0.9,1939,-5.1,0.89,0,0,"Spring","No Holiday","Yes","Morning"
26,4,2018,1933,11.7,62,0.6,956,4.6,0.62,0,0,"Spring","No Holiday","Yes","Morning"
27,4,2018,1922,11.6,58,1.4,1150,3.6,0.79,0,0,"Spring","No Holiday","Yes","Morning"
28,4,2018,647,12.7,67,0.6,378,6.7,0.86,0,0,"Spring","No Holiday","Yes","Morning"
29,4,2018,485,12.2,50,0.8,1412,2,0.84,0,0,"Spring","No Holiday","Yes","Morning"
30,4,2018,1791,15.8,73,0.5,357,10.9,0.39,0,0,"Spring","No Holiday","Yes","Morning"
1,5,2018,1067,18.8,76,0.6,301,14.4,0.36,0,0,"Spring","Holiday","Yes","Morning"
2,5,2018,555,17.5,94,0.9,203,16.5,0.06,0,0,"Spring","No Holiday","Yes","Morning"
3,5,2018,1946,10.5,67,2.3,1221,4.6,0.98,0,0,"Spring","No Holiday","Yes","Morning"
4,5,2018,2041,11.3,46,1.2,1788,0,1.04,0,0,"Spring","No Holiday","Yes","Morning"
5,5,2018,579,14.4,51,2.3,1907,4.3,0.92,0,0,"Spring","No Holiday","Yes","Morning"
6,5,2018,16,15.2,97,1,414,14.7,0.08,2,0,"Spring","No Holiday","Yes","Morning"
7,5,2018,600,14.8,80,0.3,1921,11.3,0.31,0,0,"Spring","No Holiday","Yes","Morning"
8,5,2018,1976,16.9,54,1.7,2000,7.5,1.08,0,0,"Spring","No Holiday","Yes","Morning"
9,5,2018,2068,12.3,53,1.6,2000,2.9,1.09,0,0,"Spring","No Holiday","Yes","Morning"
10,5,2018,0,13.5,63,2.2,1211,6.5,1.01,0,0,"Spring","No Holiday","No","Morning"
11,5,2018,1881,13.1,78,1.2,330,9.3,0.41,0,0,"Spring","No Holiday","Yes","Morning"
12,5,2018,20,12,87,1,296,9.8,0.1,1,0,"Spring","No Holiday","Yes","Morning"
13,5,2018,397,14.1,98,1.3,834,13.7,0.26,0,0,"Spring","No Holiday","Yes","Morning"
14,5,2018,1997,13.8,79,0.9,313,10.2,0.44,0,0,"Spring","No Holiday","Yes","Morning"
15,5,2018,2059,18.4,68,1.1,254,12.3,0.88,0,0,"Spring","No Holiday","Yes","Morning"
16,5,2018,291,22.4,93,1.2,683,21.2,0.04,0,0,"Spring","No Holiday","Yes","Morning"
17,5,2018,152,19.7,98,0.5,1958,19.3,0.12,13.5,0,"Spring","No Holiday","Yes","Morning"
18,5,2018,400,16.4,98,0.3,514,16,0.11,0,0,"Spring","No Holiday","Yes","Morning"
19,5,2018,766,13.7,57,1.4,2000,5.3,1.28,0,0,"Spring","No Holiday","Yes","Morning"
20,5,2018,524,14.1,38,1,2000,0,0.72,0,0,"Spring","No Holiday","Yes","Morning"
21,5,2018,1785,15.3,30,1.3,2000,-2.2,1.3,0,0,"Spring","No Holiday","Yes","Morning"
22,5,2018,694,18.2,63,0.8,1731,11,1,0,0,"Spring","Holiday","Yes","Morning"
23,5,2018,2035,14.6,70,3.1,2000,9.1,1.28,0,0,"Spring","No Holiday","Yes","Morning"
24,5,2018,2081,15.2,50,1.6,1530,4.8,1.1,0,0,"Spring","No Holiday","Yes","Morning"
25,5,2018,1996,17.1,57,1.7,792,8.5,1.21,0,0,"Spring","No Holiday","Yes","Morning"
26,5,2018,763,17.8,52,0.6,1094,7.8,1.18,0,0,"Spring","No Holiday","Yes","Morning"
27,5,2018,608,18.3,51,2,1366,7.9,0.7,0,0,"Spring","No Holiday","Yes","Morning"
28,5,2018,2194,19.5,50,0.7,1329,8.7,1.19,0,0,"Spring","No Holiday","Yes","Morning"
29,5,2018,2234,20.5,66,1.7,1062,13.9,0.34,0,0,"Spring","No Holiday","Yes","Morning"
30,5,2018,1937,19.3,83,0.6,394,16.3,0.23,0,0,"Spring","No Holiday","Yes","Morning"
31,5,2018,2281,16.9,65,1.6,896,10.2,1.21,0,0,"Spring","No Holiday","Yes","Morning"
1,6,2018,2149,20.6,55,0.7,1200,11.2,1.21,0,0,"Summer","No Holiday","Yes","Morning"
2,6,2018,898,20.4,54,1,828,10.7,1.23,0,0,"Summer","No Holiday","Yes","Morning"
3,6,2018,659,20.3,47,1.5,1785,8.6,1.05,0,0,"Summer","No Holiday","Yes","Morning"
4,6,2018,2287,22.1,44,1.4,1435,9.2,1.16,0,0,"Summer","No Holiday","Yes","Morning"
5,6,2018,2322,21.5,58,1.1,1021,12.8,1.21,0,0,"Summer","No Holiday","Yes","Morning"
6,6,2018,799,21.2,59,1.2,794,12.8,1.13,0,0,"Summer","Holiday","Yes","Morning"
7,6,2018,2317,18.9,82,2.3,326,15.7,0.44,0,0,"Summer","No Holiday","Yes","Morning"
8,6,2018,2348,19.7,69,2,1448,13.8,0.54,0,0,"Summer","No Holiday","Yes","Morning"
9,6,2018,963,21.9,62,0.9,1071,14.2,1.03,0,0,"Summer","No Holiday","Yes","Morning"
10,6,2018,619,19,65,2,2000,12.2,0.28,0,0,"Summer","No Holiday","Yes","Morning"
11,6,2018,2375,20.7,55,1.5,2000,11.3,1.23,0,0,"Summer","No Holiday","Yes","Morning"
12,6,2018,2495,19,67,1.1,1976,12.7,1.29,0,0,"Summer","No Holiday","Yes","Morning"
13,6,2018,959,20.7,65,1.5,1004,13.8,0.97,0,0,"Summer","No Holiday","Yes","Morning"
14,6,2018,187,18.9,97,1.2,492,18.4,0.06,11.5,0,"Summer","No Holiday","Yes","Morning"
15,6,2018,2328,18.7,71,1.1,1992,13.3,0.61,0,0,"Summer","No Holiday","Yes","Morning"
16,6,2018,892,18.7,57,1,1956,9.9,1.05,0,0,"Summer","No Holiday","Yes","Morning"
17,6,2018,715,21.1,70,0.3,766,15.4,0.9,0,0,"Summer","No Holiday","Yes","Morning"
18,6,2018,2357,22.7,65,0.7,759,15.7,1.05,0,0,"Summer","No Holiday","Yes","Morning"
19,6,2018,2430,21.1,66,1,797,14.4,0.62,0,0,"Summer","No Holiday","Yes","Morning"
20,6,2018,2440,20.6,77,1.2,566,16.4,0.53,0,0,"Summer","No Holiday","Yes","Morning"
21,6,2018,2370,21.4,65,1.9,821,14.5,1.15,0,0,"Summer","No Holiday","Yes","Morning"
22,6,2018,2283,21.9,58,1.2,771,13.2,1.29,0,0,"Summer","No Holiday","Yes","Morning"
23,6,2018,934,22.6,42,0.7,1887,9,0.62,0,0,"Summer","No Holiday","Yes","Morning"
24,6,2018,561,21.3,78,0.7,351,17.3,0.51,0,0,"Summer","No Holiday","Yes","Morning"
25,6,2018,2331,23.8,66,0.9,960,17,0.74,0,0,"Summer","No Holiday","Yes","Morning"
26,6,2018,53,20.8,94,1,159,19.7,0.05,3.5,0,"Summer","No Holiday","Yes","Morning"
27,6,2018,1995,19.7,97,1.5,200,19.2,0.25,0,0,"Summer","No Holiday","Yes","Morning"
28,6,2018,2288,24.2,73,1,1581,19,0.96,0,0,"Summer","No Holiday","Yes","Morning"
29,6,2018,2028,22.2,95,1.6,389,21.3,0.26,0,0,"Summer","No Holiday","Yes","Morning"
30,6,2018,825,23.4,81,0.5,313,19.9,0.37,0,0,"Summer","No Holiday","Yes","Morning"
1,7,2018,20,22.1,93,0.5,805,20.9,0.14,1,0,"Summer","No Holiday","Yes","Morning"
2,7,2018,104,20.8,96,0.4,1627,20.1,0.11,1.5,0,"Summer","No Holiday","Yes","Morning"
3,7,2018,2135,24.3,83,0.5,1986,21.2,0.53,0,0,"Summer","No Holiday","Yes","Morning"
4,7,2018,2215,26.4,64,0.5,1909,19,1.33,0,0,"Summer","No Holiday","Yes","Morning"
5,7,2018,1836,23.6,93,0.9,308,22.3,0.21,0,0,"Summer","No Holiday","Yes","Morning"
6,7,2018,2273,23.2,60,1.7,2000,14.9,0.58,0,0,"Summer","No Holiday","Yes","Morning"
7,7,2018,832,21.2,52,1.6,1998,10.9,1.2,0,0,"Summer","No Holiday","Yes","Morning"
8,7,2018,684,19.1,53,1.7,1952,9.2,0.8,0,0,"Summer","No Holiday","Yes","Morning"
9,7,2018,670,20.7,73,0.8,2000,15.6,0.3,0.2,0,"Summer","No Holiday","Yes","Morning"
10,7,2018,2017,21.7,89,0.5,2000,19.8,0.31,0,0,"Summer","No Holiday","Yes","Morning"
11,7,2018,827,25.1,97,0.8,490,24.5,0.26,0,0,"Summer","No Holiday","Yes","Morning"
12,7,2018,1811,26.3,84,2.1,973,23.3,0.48,0,0,"Summer","No Holiday","Yes","Morning"
13,7,2018,2114,25.5,80,1.8,1402,21.7,0.37,0,0,"Summer","No Holiday","Yes","Morning"
14,7,2018,787,26.1,74,0.7,1254,21,0.87,0,0,"Summer","No Holiday","Yes","Morning"
15,7,2018,613,26.2,75,0.9,1560,21.4,0.77,0,0,"Summer","No Holiday","Yes","Morning"
16,7,2018,1935,26.4,69,0.5,1559,20.2,1.09,0,0,"Summer","No Holiday","Yes","Morning"
17,7,2018,1955,25.8,69,0.8,969,19.6,1.06,0,0,"Summer","No Holiday","Yes","Morning"
18,7,2018,1944,25.8,71,0.4,760,20.1,0.93,0,0,"Summer","No Holiday","Yes","Morning"
19,7,2018,1993,25.5,65,0.9,833,18.4,1.1,0,0,"Summer","No Holiday","Yes","Morning"
20,7,2018,1896,26.6,70,1.3,1062,20.6,1.01,0,0,"Summer","No Holiday","Yes","Morning"
21,7,2018,720,27.4,63,0.9,1043,19.7,1.03,0,0,"Summer","No Holiday","Yes","Morning"
22,7,2018,477,27.9,60,0.6,1835,19.4,1.06,0,0,"Summer","No Holiday","Yes","Morning"
23,7,2018,1889,30,56,0.9,2000,20.2,0.54,0,0,"Summer","No Holiday","Yes","Morning"
24,7,2018,1820,29.9,59,0.8,1727,21,1.03,0,0,"Summer","No Holiday","Yes","Morning"
25,7,2018,1893,28.7,70,3.5,1470,22.6,0.52,0,0,"Summer","No Holiday","Yes","Morning"
26,7,2018,1823,28.3,72,0.8,1165,22.7,0.34,0,0,"Summer","No Holiday","Yes","Morning"
27,7,2018,1763,28.5,76,0.9,725,23.8,0.59,0,0,"Summer","No Holiday","Yes","Morning"
28,7,2018,606,29.6,75,0.4,749,24.6,0.66,0,0,"Summer","No Holiday","Yes","Morning"
29,7,2018,456,28.6,63,0.8,1867,20.8,1,0,0,"Summer","No Holiday","Yes","Morning"
30,7,2018,1646,28.8,56,1.4,2000,19.1,1.08,0,0,"Summer","No Holiday","Yes","Morning"
31,7,2018,1665,29.3,51,0.9,2000,18.1,1.02,0,0,"Summer","No Holiday","Yes","Morning"
1,8,2018,1550,30.3,59,0.8,1920,21.3,1.02,0,0,"Summer","No Holiday","Yes","Morning"
2,8,2018,1579,31.6,50,1.1,1943,19.9,0.76,0,0,"Summer","No Holiday","Yes","Morning"
3,8,2018,1471,31.8,55,1.3,1537,21.6,0.78,0,0,"Summer","No Holiday","Yes","Morning"
4,8,2018,568,30.2,61,1.8,1562,21.8,0.65,0,0,"Summer","No Holiday","Yes","Morning"
5,8,2018,309,27.5,95,0.7,404,26.6,0.14,1.6,0,"Summer","No Holiday","Yes","Morning"
6,8,2018,797,28.7,86,1.4,532,26.1,0.32,0.5,0,"Summer","No Holiday","Yes","Morning"
7,8,2018,1695,28.5,64,2,2000,21,0.89,0,0,"Summer","No Holiday","Yes","Morning"
8,8,2018,1693,28.6,80,1.6,708,24.8,0.49,0,0,"Summer","No Holiday","Yes","Morning"
9,8,2018,1731,28.6,75,1.2,1588,23.7,0.56,0,0,"Summer","No Holiday","Yes","Morning"
10,8,2018,1728,27.2,69,1.8,1999,21,0.7,0,0,"Summer","No Holiday","Yes","Morning"
11,8,2018,647,28,60,1,2000,19.5,0.91,0,0,"Summer","No Holiday","Yes","Morning"
12,8,2018,520,28.6,54,1.1,2000,18.3,0.82,0,0,"Summer","No Holiday","Yes","Morning"
13,8,2018,1657,28,78,1.1,865,23.7,0.74,0,0,"Summer","No Holiday","Yes","Morning"
14,8,2018,1708,29.3,63,0.9,1810,21.5,0.76,0,0,"Summer","No Holiday","Yes","Morning"
15,8,2018,553,29.9,60,0.8,1772,21.2,0.83,0,0,"Summer","Holiday","Yes","Morning"
16,8,2018,1660,28.2,68,1.3,2000,21.7,0.41,0,0,"Summer","No Holiday","Yes","Morning"
17,8,2018,1918,23.5,44,1.7,1944,10.5,0.98,0,0,"Summer","No Holiday","Yes","Morning"
18,8,2018,754,23.2,47,1,2000,11.2,0.93,0,0,"Summer","No Holiday","Yes","Morning"
19,8,2018,592,24.4,58,0.8,2000,15.5,0.45,0,0,"Summer","No Holiday","Yes","Morning"
20,8,2018,1912,26.6,54,1.1,1739,16.5,0.75,0,0,"Summer","No Holiday","Yes","Morning"
21,8,2018,1530,24,84,3.5,1975,21.1,0.47,0,0,"Summer","No Holiday","Yes","Morning"
22,8,2018,1990,25.7,66,0.9,1976,18.8,0.64,0,0,"Summer","No Holiday","Yes","Morning"
23,8,2018,1678,28.1,58,1.3,2000,19,0.14,0,0,"Summer","No Holiday","Yes","Morning"
24,8,2018,578,24.4,86,1.7,2000,21.8,0.13,0,0,"Summer","No Holiday","Yes","Morning"
25,8,2018,721,24.1,78,2,1133,20,0.34,0,0,"Summer","No Holiday","Yes","Morning"
26,8,2018,566,22.1,74,1,1479,17.2,0.77,0,0,"Summer","No Holiday","Yes","Morning"
27,8,2018,328,21.3,97,1.3,1029,20.7,0.17,0.5,0,"Summer","No Holiday","Yes","Morning"
28,8,2018,1841,23.4,83,0.8,1998,20.3,0.32,0,0,"Summer","No Holiday","Yes","Morning"
29,8,2018,1595,25.3,83,3.4,1982,22.1,0.14,0,0,"Summer","No Holiday","Yes","Morning"
30,8,2018,1330,24.6,96,1,883,23.9,0.19,0,0,"Summer","No Holiday","Yes","Morning"
31,8,2018,1686,23.1,80,0.2,1066,19.4,0.27,0.1,0,"Summer","No Holiday","Yes","Morning"
1,9,2018,812,22.3,64,1.7,2000,15.1,0.75,0,0,"Autumn","No Holiday","Yes","Morning"
2,9,2018,576,21.3,57,1.3,2000,12.4,0.81,0,0,"Autumn","No Holiday","Yes","Morning"
3,9,2018,1580,24.2,70,1.4,2000,18.3,0.16,0,0,"Autumn","No Holiday","Yes","Morning"
4,9,2018,2059,20.5,90,1.9,490,18.7,0.53,0,0,"Autumn","No Holiday","Yes","Morning"
5,9,2018,2312,21.2,69,1.9,2000,15.2,0.74,0,0,"Autumn","No Holiday","Yes","Morning"
6,9,2018,2270,21.8,77,0.9,1419,17.5,0.43,0,0,"Autumn","No Holiday","Yes","Morning"
7,9,2018,2260,20.5,78,2.5,1250,16.5,0.32,0,0,"Autumn","No Holiday","Yes","Morning"
8,9,2018,827,17.1,57,1,1979,8.5,0.76,0,0,"Autumn","No Holiday","Yes","Morning"
9,9,2018,644,17.4,56,0.8,2000,8.5,0.49,0,0,"Autumn","No Holiday","Yes","Morning"
10,9,2018,2278,20.1,57,1.6,2000,11.3,0.73,0,0,"Autumn","No Holiday","Yes","Morning"
11,9,2018,2369,17.8,53,1.4,2000,8,0.51,0,0,"Autumn","No Holiday","Yes","Morning"
12,9,2018,2391,18.2,56,1.5,1994,9.2,0.62,0,0,"Autumn","No Holiday","Yes","Morning"
13,9,2018,2329,20.9,68,1.3,2000,14.7,0.18,0,0,"Autumn","No Holiday","Yes","Morning"
14,9,2018,2253,21.4,70,1.5,1986,15.6,0.38,0,0,"Autumn","No Holiday","Yes","Morning"
15,9,2018,829,21.7,78,0.3,2000,17.6,0.21,0,0,"Autumn","No Holiday","Yes","Morning"
16,9,2018,464,21.9,88,1.6,601,19.8,0.17,0,0,"Autumn","No Holiday","Yes","Morning"
17,9,2018,2276,18.9,77,0.6,1109,14.7,0.56,0,0,"Autumn","No Holiday","Yes","Morning"
18,9,2018,0,18.7,73,0.9,1501,13.7,0.34,0,0,"Autumn","No Holiday","No","Morning"
19,9,2018,0,19.8,71,1.1,1534,14.3,0.26,0,0,"Autumn","No Holiday","No","Morning"
20,9,2018,299,18,91,1.3,896,16.5,0.11,0.5,0,"Autumn","No Holiday","Yes","Morning"
21,9,2018,127,17.8,97,2,1284,17.3,0.09,4,0,"Autumn","No Holiday","Yes","Morning"
22,9,2018,654,18.2,86,0,858,15.8,0.48,0,0,"Autumn","No Holiday","Yes","Morning"
23,9,2018,439,17,69,1.2,2000,11.2,0.3,0,0,"Autumn","Holiday","Yes","Morning"
24,9,2018,296,15.4,52,2.2,1985,5.5,0.49,0,0,"Autumn","Holiday","Yes","Morning"
25,9,2018,440,12,61,1.3,1988,4.6,0.6,0,0,"Autumn","Holiday","Yes","Morning"
26,9,2018,598,16.7,60,2,2000,8.8,0.2,0,0,"Autumn","No Holiday","Yes","Morning"
27,9,2018,2129,14.8,51,1.1,2000,4.7,0.59,0,0,"Autumn","No Holiday","Yes","Morning"
28,9,2018,0,15.2,58,1.7,2000,6.9,0.29,0,0,"Autumn","No Holiday","No","Morning"
29,9,2018,848,15.7,65,1.2,2000,9.1,0.54,0,0,"Autumn","No Holiday","Yes","Morning"
30,9,2018,0,16.2,69,1.1,2000,10.4,0.54,0,0,"Autumn","No Holiday","No","Morning"
1,10,2018,2101,13.7,54,2.4,1960,4.5,0.39,0,0,"Autumn","No Holiday","Yes","Morning"
2,10,2018,0,11.2,69,0.9,1714,5.7,0.49,0,0,"Autumn","No Holiday","No","Morning"
3,10,2018,762,11.8,73,1,1649,7.1,0.49,0,0,"Autumn","Holiday","Yes","Morning"
4,10,2018,0,13.9,68,0.9,1912,8,0.34,0,0,"Autumn","No Holiday","No","Morning"
5,10,2018,208,16.9,72,1.3,2000,11.8,0.04,0.3,0,"Autumn","No Holiday","Yes","Morning"
6,10,2018,6,16.6,97,2,457,16.1,0.01,9,0,"Autumn","No Holiday","Yes","Morning"
7,10,2018,589,14.6,71,1,1896,9.3,0.43,0,0,"Autumn","No Holiday","Yes","Morning"
8,10,2018,2005,9.9,66,1.2,2000,3.8,0.35,0,0,"Autumn","No Holiday","Yes","Morning"
9,10,2018,0,11.4,66,0.8,1991,5.2,0.18,0,0,"Autumn","Holiday","No","Morning"
10,10,2018,2082,11.8,80,3.7,1518,8.4,0.16,0,0,"Autumn","No Holiday","Yes","Morning"
11,10,2018,2000,7,56,3.1,1971,-1.1,0.44,0,0,"Autumn","No Holiday","Yes","Morning"
12,10,2018,1996,6,64,1.1,1920,-0.3,0.42,0,0,"Autumn","No Holiday","Yes","Morning"
13,10,2018,728,7.4,70,0.5,1373,2.2,0.36,0,0,"Autumn","No Holiday","Yes","Morning"
14,10,2018,556,7.5,72,1.1,697,2.7,0.34,0,0,"Autumn","No Holiday","Yes","Morning"
15,10,2018,2070,12,77,0.4,891,8,0.12,0,0,"Autumn","No Holiday","Yes","Morning"
16,10,2018,2134,10.4,63,0.6,1367,3.6,0.19,0,0,"Autumn","No Holiday","Yes","Morning"
17,10,2018,2202,9.2,68,0.2,952,3.5,0.28,0,0,"Autumn","No Holiday","Yes","Morning"
18,10,2018,2154,8.5,77,0.5,1995,4.6,0.21,0,0,"Autumn","No Holiday","Yes","Morning"
19,10,2018,2113,7.9,63,0.6,2000,1.2,0.3,0,0,"Autumn","No Holiday","Yes","Morning"
20,10,2018,784,7.8,70,1.4,1034,2.6,0.29,0,0,"Autumn","No Holiday","Yes","Morning"
21,10,2018,534,7.9,67,1.1,1210,2.1,0.28,0,0,"Autumn","No Holiday","Yes","Morning"
22,10,2018,2111,9.7,58,0.6,1559,1.8,0.22,0,0,"Autumn","No Holiday","Yes","Morning"
23,10,2018,1423,11,78,0.8,412,7.3,0.03,0,0,"Autumn","No Holiday","Yes","Morning"
24,10,2018,2108,8.1,85,1.2,772,5.7,0.26,0,0,"Autumn","No Holiday","Yes","Morning"
25,10,2018,2070,7.9,76,1.2,1290,3.9,0.25,0,0,"Autumn","No Holiday","Yes","Morning"
26,10,2018,556,12.1,81,0.8,706,8.9,0,0.5,0,"Autumn","No Holiday","Yes","Morning"
27,10,2018,713,7.7,62,2.4,1985,0.8,0.23,0,0,"Autumn","No Holiday","Yes","Morning"
28,10,2018,74,6.8,89,1.4,1856,5.1,0.05,0,0,"Autumn","No Holiday","Yes","Morning"
29,10,2018,1888,5.1,67,0.3,1981,-0.5,0.24,0,0,"Autumn","No Holiday","Yes","Morning"
30,10,2018,1883,1.4,58,0.9,1883,-5.9,0.15,0,0,"Autumn","No Holiday","Yes","Morning"
31,10,2018,1907,3.7,67,1.8,1987,-1.8,0.15,0,0,"Autumn","No Holiday","Yes","Morning"
1,11,2018,1899,2.8,74,0.9,1366,-1.3,0.13,0,0,"Autumn","No Holiday","Yes","Morning"
2,11,2018,1906,4.7,72,1,1306,0,0.12,0,0,"Autumn","No Holiday","Yes","Morning"
3,11,2018,0,5.4,75,0.4,905,1.3,0.11,0,0,"Autumn","No Holiday","No","Morning"
4,11,2018,481,5.7,78,1.1,714,2.1,0.09,0,0,"Autumn","No Holiday","Yes","Morning"
5,11,2018,1975,7.2,80,0.8,515,3.9,0.13,0,0,"Autumn","No Holiday","Yes","Morning"
6,11,2018,0,8.7,77,0.7,529,4.8,0.11,0,0,"Autumn","No Holiday","No","Morning"
7,11,2018,1171,11.3,89,1.1,279,9.5,0.01,0,0,"Autumn","No Holiday","Yes","Morning"
8,11,2018,148,10.6,89,1.5,689,8.8,0.02,0,0,"Autumn","No Holiday","Yes","Morning"
9,11,2018,0,10.1,85,2.4,1809,7.6,0.05,0,0,"Autumn","No Holiday","No","Morning"
10,11,2018,589,9.3,85,0.3,313,6.9,0.07,0,0,"Autumn","No Holiday","Yes","Morning"
11,11,2018,395,6.3,81,0.8,365,3.2,0.11,0,0,"Autumn","No Holiday","Yes","Morning"
12,11,2018,1699,3.3,69,0,2000,-1.8,0.06,0,0,"Autumn","No Holiday","Yes","Morning"
13,11,2018,1910,4.7,68,0.5,1032,-0.7,0.06,0,0,"Autumn","No Holiday","Yes","Morning"
14,11,2018,1916,5,77,1.5,1115,1.2,0.07,0,0,"Autumn","No Holiday","Yes","Morning"
15,11,2018,1686,5.3,75,1,808,1.2,0.1,0,0,"Autumn","No Holiday","Yes","Morning"
16,11,2018,1692,7,64,0.8,683,0.6,0.03,0,0,"Autumn","No Holiday","Yes","Morning"
17,11,2018,530,0.7,72,1,1397,-3.7,0.05,0,0,"Autumn","No Holiday","Yes","Morning"
18,11,2018,371,2.6,53,0.7,1548,-6,0.03,0,0,"Autumn","No Holiday","Yes","Morning"
19,11,2018,1751,3.5,71,0.8,958,-1.2,0.06,0,0,"Autumn","No Holiday","Yes","Morning"
20,11,2018,1818,0.3,53,0.9,1971,-8.1,0.05,0,0,"Autumn","No Holiday","Yes","Morning"
21,11,2018,1622,6.4,86,0.9,450,4.2,0.03,0,0,"Autumn","No Holiday","Yes","Morning"
22,11,2018,1671,-1.2,33,0.5,2000,-15.4,0.04,0,0,"Autumn","No Holiday","Yes","Morning"
23,11,2018,1516,-3,43,1.1,2000,-13.8,0.03,0,0,"Autumn","No Holiday","Yes","Morning"
24,11,2018,33,0.4,96,3.1,33,-0.1,0,0,4,"Autumn","No Holiday","Yes","Morning"
25,11,2018,250,1.4,96,1,212,0.8,0.04,0,2.5,"Autumn","No Holiday","Yes","Morning"
26,11,2018,1524,2,84,1.1,396,-0.4,0.03,0,0.3,"Autumn","No Holiday","Yes","Morning"
27,11,2018,1577,4.2,78,1.2,362,0.6,0.02,0,0,"Autumn","No Holiday","Yes","Morning"
28,11,2018,1540,2.1,29,1.1,1337,-14.1,0.02,0,0,"Autumn","No Holiday","Yes","Morning"
29,11,2018,1635,0.8,44,1.7,1439,-10,0.02,0,0,"Autumn","No Holiday","Yes","Morning"
30,11,2018,1527,-1.5,68,1.1,1286,-6.6,0.02,0,0,"Autumn","No Holiday","Yes","Morning"
1,12,2017,555,0.8,58,1.6,2000,-6.5,0.08,0,0,"Winter","No Holiday","Yes","Evening"
2,12,2017,572,6,51,2.5,1891,-3.3,0.06,0,0,"Winter","No Holiday","Yes","Evening"
3,12,2017,545,6.7,82,1.5,358,3.8,0.05,0,0,"Winter","No Holiday","Yes","Evening"
4,12,2017,515,-1.3,26,5.3,2000,-18.3,0.18,0,0,"Winter","No Holiday","Yes","Evening"
5,12,2017,529,-1.6,35,0,2000,-15.1,0,0,0,"Winter","No Holiday","Yes","Evening"
6,12,2017,239,4.1,60,2.5,1565,-2.9,0.1,0,0,"Winter","No Holiday","Yes","Evening"
7,12,2017,552,2.1,50,2,1434,-7.2,0.15,0,0,"Winter","No Holiday","Yes","Evening"
8,12,2017,500,-2.4,30,2.7,2000,-17.6,0.18,0,0,"Winter","No Holiday","Yes","Evening"
9,12,2017,481,3.5,37,1.8,1963,-9.8,0.1,0,0,"Winter","No Holiday","Yes","Evening"
10,12,2017,226,3.6,65,4.3,1061,-2.3,0.03,0,0.4,"Winter","No Holiday","Yes","Evening"
11,12,2017,361,-7.1,44,4.2,2000,-17.3,0.18,0,0,"Winter","No Holiday","Yes","Evening"
12,12,2017,305,-7,32,2.6,2000,-20.9,0.19,0,0,"Winter","No Holiday","Yes","Evening"
13,12,2017,392,-5.6,29,1.7,2000,-20.8,0.18,0,0,"Winter","No Holiday","Yes","Evening"
14,12,2017,382,-2.9,31,0.6,1723,-17.7,0.09,0,0,"Winter","No Holiday","Yes","Evening"
15,12,2017,464,-0.2,39,0.8,1016,-12.5,0,0,0,"Winter","No Holiday","Yes","Evening"
16,12,2017,277,-4.6,26,2.6,2000,-21.2,0.17,0,0,"Winter","No Holiday","Yes","Evening"
17,12,2017,266,-3.8,35,2.4,2000,-17,0.17,0,0,"Winter","No Holiday","Yes","Evening"
18,12,2017,175,0.4,84,0.8,317,-1.9,0.15,0,2.7,"Winter","No Holiday","Yes","Evening"
19,12,2017,256,-2.7,35,1.8,2000,-16,0.18,0,2,"Winter","No Holiday","Yes","Evening"
20,12,2017,237,-0.9,70,1.1,299,-5.6,0.02,0,2.2,"Winter","No Holiday","Yes","Evening"
21,12,2017,366,2.9,60,1.3,1193,-4.1,0.16,0,0.8,"Winter","No Holiday","Yes","Evening"
22,12,2017,477,5.4,61,1.3,691,-1.5,0.08,0,0,"Winter","Holiday","Yes","Evening"
23,12,2017,453,7.7,67,0.9,264,1.9,0.11,0,0,"Winter","No Holiday","Yes","Evening"
24,12,2017,104,2.2,86,2.6,605,0,0.04,0,0,"Winter","Holiday","Yes","Evening"
25,12,2017,260,-0.7,29,2,2000,-16.5,0.21,0,0,"Winter","Holiday","Yes","Evening"
26,12,2017,350,-3.6,20,3.7,2000,-23.3,0.23,0,0,"Winter","No Holiday","Yes","Evening"
27,12,2017,314,-4.2,26,2.2,2000,-20.8,0.2,0,0,"Winter","No Holiday","Yes","Evening"
28,12,2017,407,0.2,58,2,1159,-7.1,0.08,0,0,"Winter","No Holiday","Yes","Evening"
29,12,2017,534,4.5,59,1.6,384,-2.8,0.14,0,0,"Winter","No Holiday","Yes","Evening"
30,12,2017,183,3.8,64,0.9,250,-2.3,0.01,0,0,"Winter","No Holiday","Yes","Evening"
31,12,2017,240,1.7,30,2.9,2000,-14,0.22,0,0,"Winter","Holiday","Yes","Evening"
1,1,2018,271,1.8,33,3.3,1913,-12.8,0.18,0,0,"Winter","Holiday","Yes","Evening"
2,1,2018,373,0.3,27,2.6,2000,-16.5,0.18,0,0,"Winter","No Holiday","Yes","Evening"
3,1,2018,382,-1.9,35,1.8,2000,-15.3,0.25,0,0,"Winter","No Holiday","Yes","Evening"
4,1,2018,397,-2.1,37,1.4,1591,-14.8,0.09,0,0,"Winter","No Holiday","Yes","Evening"
5,1,2018,446,-0.6,45,3.3,1827,-11,0.24,0,0,"Winter","No Holiday","Yes","Evening"
6,1,2018,354,1.1,31,1.7,1989,-14.1,0.26,0,0,"Winter","No Holiday","Yes","Evening"
7,1,2018,349,2.3,33,0.2,1515,-12.3,0.13,0,0,"Winter","No Holiday","Yes","Evening"
8,1,2018,385,2.7,50,2.8,1957,-6.7,0.06,0,0,"Winter","No Holiday","Yes","Evening"
9,1,2018,332,-2.9,66,3.6,743,-8.3,0.23,0,0,"Winter","No Holiday","Yes","Evening"
10,1,2018,266,-6.5,34,4,2000,-19.8,0.31,0,0,"Winter","No Holiday","Yes","Evening"
11,1,2018,219,-9.3,43,2.8,1900,-19.6,0.28,0,0,"Winter","No Holiday","Yes","Evening"
12,1,2018,259,-6.5,22,1.5,2000,-24.7,0.28,0,0,"Winter","No Holiday","Yes","Evening"
13,1,2018,277,-1.4,68,1,761,-6.5,0.11,0,0,"Winter","No Holiday","Yes","Evening"
14,1,2018,302,4.5,51,1.1,1244,-4.7,0.17,0,0,"Winter","No Holiday","Yes","Evening"
15,1,2018,455,6.5,40,0.8,804,-6.1,0.23,0,0,"Winter","No Holiday","Yes","Evening"
16,1,2018,381,5.2,58,0.8,462,-2.4,0.08,0,0,"Winter","No Holiday","Yes","Evening"
17,1,2018,380,7.2,57,3.3,342,-0.7,0.19,0,0,"Winter","No Holiday","Yes","Evening"
18,1,2018,416,2.8,46,2.1,858,-7.6,0.14,0,0,"Winter","No Holiday","Yes","Evening"
19,1,2018,468,4.1,34,3.1,1810,-10.3,0.28,0,0,"Winter","No Holiday","Yes","Evening"
20,1,2018,377,5.7,53,1.8,276,-3.1,0.22,0,0,"Winter","No Holiday","Yes","Evening"
21,1,2018,383,3.8,20,1.3,2000,-17.1,0.24,0,0,"Winter","No Holiday","Yes","Evening"
22,1,2018,43,1.3,93,1.2,81,0.2,0.03,0,0.2,"Winter","No Holiday","Yes","Evening"
23,1,2018,239,-10.6,38,3.5,2000,-22.2,0.38,0,0.9,"Winter","No Holiday","Yes","Evening"
24,1,2018,203,-11.8,26,3.5,2000,-27.4,0.39,0,0.7,"Winter","No Holiday","Yes","Evening"
25,1,2018,170,-10.9,32,4,2000,-24.4,0.28,0,0.5,"Winter","No Holiday","Yes","Evening"
26,1,2018,196,-11.5,31,3.3,1745,-25.2,0.41,0,0.3,"Winter","No Holiday","Yes","Evening"
27,1,2018,207,-4.6,26,1.9,2000,-21.2,0.39,0,0,"Winter","No Holiday","Yes","Evening"
28,1,2018,178,-3.8,32,5.2,2000,-18.1,0.25,0,0,"Winter","No Holiday","Yes","Evening"
29,1,2018,239,-5.7,30,3.6,1978,-20.5,0.4,0,0,"Winter","No Holiday","Yes","Evening"
30,1,2018,53,-2.4,85,0.3,174,-4.5,0.06,0,0.6,"Winter","No Holiday","Yes","Evening"
31,1,2018,279,-0.9,34,2.8,2000,-14.8,0.28,0,1.8,"Winter","No Holiday","Yes","Evening"
1,2,2018,341,0.3,26,2.4,1977,-17,0.45,0,0,"Winter","No Holiday","Yes","Evening"
2,2,2018,382,2,25,2.3,1998,-16,0.34,0,0,"Winter","No Holiday","Yes","Evening"
3,2,2018,211,-5.6,32,4.6,2000,-19.7,0.53,0,0,"Winter","No Holiday","Yes","Evening"
4,2,2018,184,-5.9,27,3.6,1974,-21.9,0.81,0,0,"Winter","No Holiday","Yes","Evening"
5,2,2018,225,-6.4,28,4.5,2000,-21.9,0.81,0,0,"Winter","No Holiday","Yes","Evening"
6,2,2018,227,-6.6,29,2.5,2000,-21.7,0.68,0,0,"Winter","No Holiday","Yes","Evening"
7,2,2018,320,-2.3,20,2.2,1994,-22.2,0.77,0,0,"Winter","No Holiday","Yes","Evening"
8,2,2018,337,1.5,24,1.9,1788,-16.9,0.72,0,0,"Winter","No Holiday","Yes","Evening"
9,2,2018,422,4.8,38,3,1582,-8.3,0.47,0,0,"Winter","No Holiday","Yes","Evening"
10,2,2018,277,-0.9,19,5,2000,-21.6,0.48,0,0,"Winter","No Holiday","Yes","Evening"
11,2,2018,198,-4.2,47,2.7,2000,-13.8,0.31,0,0,"Winter","No Holiday","Yes","Evening"
12,2,2018,288,-3.1,36,4.4,1988,-16,0.89,0,0,"Winter","No Holiday","Yes","Evening"
13,2,2018,410,3.5,46,3.1,1992,-7,0.39,0,0,"Winter","No Holiday","Yes","Evening"
14,2,2018,484,6.6,34,2.8,1300,-8.1,0.42,0,0,"Winter","No Holiday","Yes","Evening"
15,2,2018,236,2.4,17,3.1,1990,-20.2,0.78,0,0,"Winter","Holiday","Yes","Evening"
16,2,2018,210,2.5,48,4.2,1979,-7.4,0.76,0,0,"Winter","Holiday","Yes","Evening"
17,2,2018,250,0.6,17,3.3,2000,-21.7,0.79,0,0,"Winter","Holiday","Yes","Evening"
18,2,2018,354,4.2,17,2.5,1990,-18.7,0.66,0,0,"Winter","No Holiday","Yes","Evening"
19,2,2018,522,5.7,36,3,1073,-8.2,0.57,0,0,"Winter","No Holiday","Yes","Evening"
20,2,2018,514,3.9,19,3.6,2000,-17.6,0.58,0,0,"Winter","No Holiday","Yes","Evening"
21,2,2018,469,3.1,14,3.7,2000,-21.9,1,0,0,"Winter","No Holiday","Yes","Evening"
22,2,2018,465,4.6,52,3.9,1059,-4.4,0.5,0,0,"Winter","No Holiday","Yes","Evening"
23,2,2018,470,7.9,68,4.2,352,2.3,0.27,0,0,"Winter","No Holiday","Yes","Evening"
24,2,2018,462,4.9,28,3.1,1477,-12.1,0.77,0,0,"Winter","No Holiday","Yes","Evening"
25,2,2018,589,6.9,25,2.9,1795,-11.8,1.07,0,0,"Winter","No Holiday","Yes","Evening"
26,2,2018,646,8.7,30,3.1,1117,-7.9,0.96,0,0,"Winter","No Holiday","Yes","Evening"
27,2,2018,529,6.8,57,1,623,-1.1,0.16,0,0,"Winter","No Holiday","Yes","Evening"
28,2,2018,8,3.8,90,2.7,654,2.3,0,0,0,"Winter","No Holiday","Yes","Evening"
1,3,2018,423,0.4,37,5.2,1366,-12.6,1.23,0,0,"Spring","Holiday","Yes","Evening"
2,3,2018,631,4.3,21,2.5,1961,-16.1,1.13,0,0,"Spring","No Holiday","Yes","Evening"
3,3,2018,1197,15,22,2.5,1946,-6.5,0.96,0,0,"Spring","No Holiday","Yes","Evening"
4,3,2018,492,11.8,82,1.7,990,8.8,0.4,0,0,"Spring","No Holiday","Yes","Evening"
5,3,2018,865,10,43,1.4,2000,-2,1.12,0,0,"Spring","No Holiday","Yes","Evening"
6,3,2018,883,10.2,27,2.8,1826,-8,1.22,0,0,"Spring","No Holiday","Yes","Evening"
7,3,2018,849,10.4,37,1,2000,-3.6,0.67,0,0,"Spring","No Holiday","Yes","Evening"
8,3,2018,757,7.5,64,4.3,538,1.1,0.88,0,0,"Spring","No Holiday","Yes","Evening"
9,3,2018,834,8.9,46,1.8,789,-2.1,1,0,0,"Spring","No Holiday","Yes","Evening"
10,3,2018,829,7.7,46,2.8,1635,-3.2,1.05,0,0,"Spring","No Holiday","Yes","Evening"
11,3,2018,1028,11.1,25,2,1765,-8.2,1.19,0,0,"Spring","No Holiday","Yes","Evening"
12,3,2018,931,13.7,38,2.6,436,-0.3,1,0,0,"Spring","No Holiday","Yes","Evening"
13,3,2018,1085,16.9,62,3.1,1562,9.5,0.95,0,0,"Spring","No Holiday","Yes","Evening"
14,3,2018,1325,20.5,49,3.5,2000,9.4,1.18,0,0,"Spring","No Holiday","Yes","Evening"
15,3,2018,411,10.9,98,1.3,222,10.5,0.09,0,0,"Spring","No Holiday","Yes","Evening"
16,3,2018,1160,11.2,30,1.5,2000,-5.7,1.44,0,0,"Spring","No Holiday","Yes","Evening"
17,3,2018,1272,12.1,34,2.5,1240,-3.3,0.81,0,0,"Spring","No Holiday","Yes","Evening"
18,3,2018,603,11.1,42,2.2,765,-1.3,0.34,0,0,"Spring","No Holiday","Yes","Evening"
19,3,2018,605,8.5,59,2.7,1927,0.9,0.16,0,0,"Spring","No Holiday","Yes","Evening"
20,3,2018,719,4.9,43,4.3,2000,-6.6,0.42,0,0,"Spring","No Holiday","Yes","Evening"
21,3,2018,319,2.5,78,2,2000,-0.9,0.25,0,0,"Spring","No Holiday","Yes","Evening"
22,3,2018,999,9.6,38,3.2,1606,-4,1.35,0,0,"Spring","No Holiday","Yes","Evening"
23,3,2018,1108,11.2,27,3.5,1585,-7.1,1.19,0,0,"Spring","No Holiday","Yes","Evening"
24,3,2018,916,11.1,66,4.2,367,4.9,1.18,0,0,"Spring","No Holiday","Yes","Evening"
25,3,2018,911,15.8,40,2.3,481,2.2,1.28,0,0,"Spring","No Holiday","Yes","Evening"
26,3,2018,925,17.1,31,3.3,1075,-0.1,1.33,0,0,"Spring","No Holiday","Yes","Evening"
27,3,2018,960,18.4,54,3.2,605,8.9,1.05,0,0,"Spring","No Holiday","Yes","Evening"
28,3,2018,1221,17.6,45,4.2,1947,5.5,0.7,0,0,"Spring","No Holiday","Yes","Evening"
29,3,2018,1194,20.3,48,2.8,635,8.9,1.14,0,0,"Spring","No Holiday","Yes","Evening"
30,3,2018,1460,19.4,45,2.9,778,7.1,1.13,0,0,"Spring","No Holiday","Yes","Evening"
31,3,2018,1531,17.3,36,3.4,1722,2,0.8,0,0,"Spring","No Holiday","Yes","Evening"
1,4,2018,1362,18,72,1.8,559,12.8,0.47,0,0,"Spring","No Holiday","Yes","Evening"
2,4,2018,1569,22,49,3.7,1582,10.7,1.28,0,0,"Spring","No Holiday","Yes","Evening"
3,4,2018,1436,19.7,57,2.6,1302,10.9,0.54,0,0,"Spring","No Holiday","Yes","Evening"
4,4,2018,1745,17.2,46,2.2,2000,5.4,1.6,0,0,"Spring","No Holiday","Yes","Evening"
5,4,2018,46,8,96,1.4,298,7.3,0.13,1,0,"Spring","No Holiday","Yes","Evening"
6,4,2018,776,6.3,50,4.4,707,-3.3,0.64,0,0,"Spring","No Holiday","Yes","Evening"
7,4,2018,908,7.6,36,5.3,2000,-6.5,1.8,0,0,"Spring","No Holiday","Yes","Evening"
8,4,2018,58,4.3,80,2.6,1357,1.1,0.23,0.1,0,"Spring","No Holiday","Yes","Evening"
9,4,2018,1479,15.3,26,0.9,1257,-4.1,1.39,0,0,"Spring","No Holiday","Yes","Evening"
10,4,2018,1004,20.6,39,5.6,2000,6.1,0.74,0,0,"Spring","No Holiday","Yes","Evening"
11,4,2018,0,16.2,22,4.1,2000,-5.5,1.73,0,0,"Spring","No Holiday","No","Evening"
12,4,2018,1664,18.6,22,3.7,1978,-3.5,1.72,0,0,"Spring","No Holiday","Yes","Evening"
13,4,2018,1662,18.1,16,1.4,2000,-8.1,0.45,0,0,"Spring","No Holiday","Yes","Evening"
14,4,2018,675,9.3,81,2.4,2000,6.1,0.52,0,0,"Spring","No Holiday","Yes","Evening"
15,4,2018,42,11.8,60,2.9,1457,4.2,0.6,0,0,"Spring","No Holiday","Yes","Evening"
16,4,2018,1753,18.7,21,2.5,1871,-4.1,1.65,0,0,"Spring","No Holiday","Yes","Evening"
17,4,2018,1632,18.3,29,4.3,1626,0,1.61,0,0,"Spring","No Holiday","Yes","Evening"
18,4,2018,1738,17.8,26,3.3,1439,-1.9,1.63,0,0,"Spring","No Holiday","Yes","Evening"
19,4,2018,1534,20.1,27,1.9,1088,0.4,1.38,0,0,"Spring","No Holiday","Yes","Evening"
20,4,2018,1543,25.6,30,2.3,671,6.7,1.47,0,0,"Spring","No Holiday","Yes","Evening"
21,4,2018,2032,23.2,12,3.6,2000,-7.8,1.69,0,0,"Spring","No Holiday","Yes","Evening"
22,4,2018,46,17.9,65,1.2,965,11.2,0.13,1,0,"Spring","No Holiday","Yes","Evening"
23,4,2018,42,9.4,95,1.9,660,8.6,0.11,0.5,0,"Spring","No Holiday","Yes","Evening"
24,4,2018,1462,15.1,52,1.9,2000,5.3,0.64,0,0,"Spring","No Holiday","Yes","Evening"
25,4,2018,1878,22.9,23,2.8,1985,0.6,1.64,0,0,"Spring","No Holiday","Yes","Evening"
26,4,2018,1796,20.7,30,3.3,1482,2.4,1.48,0,0,"Spring","No Holiday","Yes","Evening"
27,4,2018,1877,21.8,41,3,662,7.9,1.44,0,0,"Spring","No Holiday","Yes","Evening"
28,4,2018,2043,20.1,29,3.3,1840,1.4,1.78,0,0,"Spring","No Holiday","Yes","Evening"
29,4,2018,2094,21.9,28,3.1,1023,2.5,1.6,0,0,"Spring","No Holiday","Yes","Evening"
30,4,2018,1706,24,53,3.5,536,13.8,1.39,0,0,"Spring","No Holiday","Yes","Evening"
1,5,2018,1898,22,65,2.4,589,15.1,0.47,0,0,"Spring","Holiday","Yes","Evening"
2,5,2018,813,13.9,94,2.6,303,12.9,0.21,0,0,"Spring","No Holiday","Yes","Evening"
3,5,2018,1421,13.2,49,4.2,1999,2.7,0.69,0,0,"Spring","No Holiday","Yes","Evening"
4,5,2018,1857,18.1,30,4.6,1925,0.2,1.86,0,0,"Spring","No Holiday","Yes","Evening"
5,5,2018,2014,23.6,29,3.9,1948,4.5,1.68,0,0,"Spring","No Holiday","Yes","Evening"
6,5,2018,1737,20.2,62,1.1,2000,12.6,1.74,0,0,"Spring","No Holiday","Yes","Evening"
7,5,2018,2392,25.5,31,2.3,1974,7.1,1.5,0,0,"Spring","No Holiday","Yes","Evening"
8,5,2018,2020,21.7,38,2,2000,6.7,1.17,0,0,"Spring","No Holiday","Yes","Evening"
9,5,2018,2034,21.3,34,2.7,1967,4.7,1.82,0,0,"Spring","No Holiday","Yes","Evening"
10,5,2018,0,19.2,54,3.4,1075,9.6,1.83,0,0,"Spring","No Holiday","No","Evening"
11,5,2018,1863,18.9,45,2.6,1084,6.6,0.8,0,0,"Spring","No Holiday","Yes","Evening"
12,5,2018,24,14.3,98,0.7,270,13.9,0.08,1.5,0,"Spring","No Holiday","Yes","Evening"
13,5,2018,2410,19.4,63,2.6,1099,12.1,1.61,0,0,"Spring","No Holiday","Yes","Evening"
14,5,2018,1891,24.4,51,1.9,466,13.5,1.42,0,0,"Spring","No Holiday","Yes","Evening"
15,5,2018,1951,28.5,43,1.7,1404,14.6,1.06,0,0,"Spring","No Holiday","Yes","Evening"
16,5,2018,304,21.9,97,3.2,207,21.3,0.14,0.5,0,"Spring","No Holiday","Yes","Evening"
17,5,2018,131,22.7,96,0.4,249,22,0.11,2.5,0,"Spring","No Holiday","Yes","Evening"
18,5,2018,1551,17.2,81,1.2,2000,13.9,0.57,0,0,"Spring","No Holiday","Yes","Evening"
19,5,2018,2355,24.5,35,1.8,1927,8,1.93,0,0,"Spring","No Holiday","Yes","Evening"
20,5,2018,2310,22.4,23,2.4,2000,0.2,1.89,0,0,"Spring","No Holiday","Yes","Evening"
21,5,2018,2214,22.2,45,2.4,2000,9.6,0.83,0,0,"Spring","No Holiday","Yes","Evening"
22,5,2018,50,18.6,84,1.8,499,15.8,0.28,1,0,"Spring","Holiday","Yes","Evening"
23,5,2018,2069,22.4,39,3.2,1943,7.7,1.9,0,0,"Spring","No Holiday","Yes","Evening"
24,5,2018,1863,23.4,38,2.7,1885,8.2,1.76,0,0,"Spring","No Holiday","Yes","Evening"
25,5,2018,2013,23.6,28,3.1,1844,4,1.26,0,0,"Spring","No Holiday","Yes","Evening"
26,5,2018,1886,27.9,34,3.8,1259,10.5,1.73,0,0,"Spring","No Holiday","Yes","Evening"
27,5,2018,2307,23.5,32,3.2,1925,0,1.01,0,0,"Spring","No Holiday","Yes","Evening"
28,5,2018,2060,26.9,45,3.5,990,13.9,1.64,0,0,"Spring","No Holiday","Yes","Evening"
29,5,2018,2022,23.9,65,1.9,1425,16.9,1.02,0,0,"Spring","No Holiday","Yes","Evening"
30,5,2018,2166,24.1,41,2.2,1980,10,1.9,0,0,"Spring","No Holiday","Yes","Evening"
31,5,2018,2047,27.2,42,2.9,1828,13.1,1.79,0,0,"Spring","No Holiday","Yes","Evening"
1,6,2018,2123,29.2,35,4.3,1967,12.1,1.87,0,0,"Summer","No Holiday","Yes","Evening"
2,6,2018,2025,28.9,22,2.7,1965,5,1.93,0,0,"Summer","No Holiday","Yes","Evening"
3,6,2018,2131,29.5,29,4.1,1944,9.5,1.84,0,0,"Summer","No Holiday","Yes","Evening"
4,6,2018,2190,24.9,46,2,1855,12.4,0.91,0,0,"Summer","No Holiday","Yes","Evening"
5,6,2018,2115,28.1,37,3.6,1346,12,1.56,0,0,"Summer","No Holiday","Yes","Evening"
6,6,2018,2104,27.4,48,2.7,1084,15.4,1.8,0,0,"Summer","Holiday","Yes","Evening"
7,6,2018,2002,28.2,51,3.3,879,17,1.73,0,0,"Summer","No Holiday","Yes","Evening"
8,6,2018,2314,26.9,49,2.3,1210,15.2,1.72,0,0,"Summer","No Holiday","Yes","Evening"
9,6,2018,2355,28.2,39,2.9,1653,12.9,0.7,0,0,"Summer","No Holiday","Yes","Evening"
10,6,2018,2431,24.6,52,1.3,2000,14,0.82,0,0,"Summer","No Holiday","Yes","Evening"
11,6,2018,1475,20.7,72,3.4,2000,15.4,0.11,0,0,"Summer","No Holiday","Yes","Evening"
12,6,2018,2270,26.4,47,3,1976,14.1,1.76,0,0,"Summer","No Holiday","Yes","Evening"
13,6,2018,2664,25.6,57,3.3,919,16.4,0.87,0,0,"Summer","No Holiday","Yes","Evening"
14,6,2018,1934,24.6,57,1,1866,15.5,0.45,0,0,"Summer","No Holiday","Yes","Evening"
15,6,2018,2460,26.1,45,1.4,2000,13.2,1.26,0,0,"Summer","No Holiday","Yes","Evening"
16,6,2018,2383,28.4,43,2,1806,14.6,1.93,0,0,"Summer","No Holiday","Yes","Evening"
17,6,2018,2330,25.6,58,3.3,865,16.7,0.66,0,0,"Summer","No Holiday","Yes","Evening"
18,6,2018,2040,29.5,36,3.7,1786,12.8,1.94,0,0,"Summer","No Holiday","Yes","Evening"
19,6,2018,2328,25.1,51,2.4,1714,14.2,1.15,0,0,"Summer","No Holiday","Yes","Evening"
20,6,2018,2289,28,50,3.2,1137,16.6,1.93,0,0,"Summer","No Holiday","Yes","Evening"
21,6,2018,2176,28.4,43,3.3,1715,14.6,2.04,0,0,"Summer","No Holiday","Yes","Evening"
22,6,2018,2146,30.4,28,2.9,1834,9.8,1.9,0,0,"Summer","No Holiday","Yes","Evening"
23,6,2018,2101,28.1,49,3.2,1117,16.3,1.62,0,0,"Summer","No Holiday","Yes","Evening"
24,6,2018,1754,30.9,34,2.5,1640,13.2,1.79,0,0,"Summer","No Holiday","Yes","Evening"
25,6,2018,2008,31.5,42,2.3,990,17,1.36,0,0,"Summer","No Holiday","Yes","Evening"
26,6,2018,113,24,95,5,362,23.1,0.07,2,0,"Summer","No Holiday","Yes","Evening"
27,6,2018,2115,25.1,70,2.2,796,19.2,0.48,0,0,"Summer","No Holiday","Yes","Evening"
28,6,2018,65,22.2,92,1.2,254,20.8,0.11,4.9,0,"Summer","No Holiday","Yes","Evening"
29,6,2018,2099,28.5,60,2.6,1014,19.9,1.33,0,0,"Summer","No Holiday","Yes","Evening"
30,6,2018,1291,27.4,75,2.3,616,22.5,0.46,0,0,"Summer","No Holiday","Yes","Evening"
1,7,2018,25,22.4,96,0.4,1661,21.7,0.21,1.5,0,"Summer","No Holiday","Yes","Evening"
2,7,2018,861,25.3,87,0.6,751,22.9,0.49,0,0,"Summer","No Holiday","Yes","Evening"
3,7,2018,1783,32.4,50,2.2,2000,20.6,1.92,0,0,"Summer","No Holiday","Yes","Evening"
4,7,2018,1856,31.2,56,3.4,1943,21.3,1.82,0,0,"Summer","No Holiday","Yes","Evening"
5,7,2018,1381,27.3,76,0.9,1971,22.6,0.52,0,0,"Summer","No Holiday","Yes","Evening"
6,7,2018,2282,26.6,52,2.2,2000,15.9,1.02,0,0,"Summer","No Holiday","Yes","Evening"
7,7,2018,2020,28.9,45,1.4,2000,15.7,1.89,0,0,"Summer","No Holiday","Yes","Evening"
8,7,2018,2266,27.4,44,1.7,2000,14,1.17,0,0,"Summer","No Holiday","Yes","Evening"
9,7,2018,104,20.3,93,1.4,1684,19.1,0.32,1,0,"Summer","No Holiday","Yes","Evening"
10,7,2018,1603,26.5,76,1,1400,21.9,0.36,0,0,"Summer","No Holiday","Yes","Evening"
11,7,2018,1923,28.7,71,2.9,1666,22.9,0.71,0,0,"Summer","No Holiday","Yes","Evening"
12,7,2018,1915,27.9,75,2.5,1643,23,0.75,0,0,"Summer","No Holiday","Yes","Evening"
13,7,2018,1782,30.1,65,1.8,1923,22.7,1.36,0,0,"Summer","No Holiday","Yes","Evening"
14,7,2018,1433,31.5,53,3.7,1974,20.7,2.02,0,0,"Summer","No Holiday","Yes","Evening"
15,7,2018,1247,32.7,52,3,1872,21.5,1.96,0,0,"Summer","No Holiday","Yes","Evening"
16,7,2018,1425,33,46,3.1,1926,19.8,1.89,0,0,"Summer","No Holiday","Yes","Evening"
17,7,2018,1591,31.8,52,2.4,1438,20.7,1.93,0,0,"Summer","No Holiday","Yes","Evening"
18,7,2018,1596,32.6,46,2.8,1560,19.4,1.95,0,0,"Summer","No Holiday","Yes","Evening"
19,7,2018,1536,34,44,2.3,1891,20,1.95,0,0,"Summer","No Holiday","Yes","Evening"
20,7,2018,1468,34.3,44,2.1,1704,20.2,1.87,0,0,"Summer","No Holiday","Yes","Evening"
21,7,2018,1011,36.3,36,3.1,1972,18.8,1.91,0,0,"Summer","No Holiday","Yes","Evening"
22,7,2018,965,37.6,33,2.1,1837,18.5,1.82,0,0,"Summer","No Holiday","Yes","Evening"
23,7,2018,1310,34.8,49,3,1866,22.5,1.37,0,0,"Summer","No Holiday","Yes","Evening"
24,7,2018,1297,34.9,51,2.2,1235,23.2,0.98,0,0,"Summer","No Holiday","Yes","Evening"
25,7,2018,1412,33.2,56,2.2,1428,23.2,1.03,0,0,"Summer","No Holiday","Yes","Evening"
26,7,2018,1394,33.1,59,2.9,1038,24,1.14,0,0,"Summer","No Holiday","Yes","Evening"
27,7,2018,1289,34.7,59,2.7,1095,25.5,1.49,0,0,"Summer","No Holiday","Yes","Evening"
28,7,2018,863,28.2,83,1.3,1099,25,0.11,0,0,"Summer","No Holiday","Yes","Evening"
29,7,2018,895,36.3,36,1.5,2000,18.8,1.87,0,0,"Summer","No Holiday","Yes","Evening"
30,7,2018,1224,35.4,44,0.8,2000,21.2,1.1,0,0,"Summer","No Holiday","Yes","Evening"
31,7,2018,1184,38,36,1.3,1989,20.3,2.03,0,0,"Summer","No Holiday","Yes","Evening"
1,8,2018,1033,39,41,2.6,1881,23.3,1.83,0,0,"Summer","No Holiday","Yes","Evening"
2,8,2018,1066,37.4,44,2.3,1829,23,1.49,0,0,"Summer","No Holiday","Yes","Evening"
3,8,2018,1105,35.8,49,3.9,1633,23.4,1.52,0,0,"Summer","No Holiday","Yes","Evening"
4,8,2018,901,34.3,48,3.4,2000,21.7,1.82,0,0,"Summer","No Holiday","Yes","Evening"
5,8,2018,978,32.8,61,4,1878,24.2,1.46,0,0,"Summer","No Holiday","Yes","Evening"
6,8,2018,1063,35,53,1.5,1618,23.9,1.78,0,0,"Summer","No Holiday","Yes","Evening"
7,8,2018,1232,35.6,44,2.4,1860,21.4,1.69,0,0,"Summer","No Holiday","Yes","Evening"
8,8,2018,1266,35,37,2.6,2000,18.1,1.72,0,0,"Summer","No Holiday","Yes","Evening"
9,8,2018,740,28.8,83,4,969,25.6,0.39,1.1,0,"Summer","No Holiday","Yes","Evening"
10,8,2018,1293,36.3,40,2.7,2000,20.5,1.93,0,0,"Summer","No Holiday","Yes","Evening"
11,8,2018,1006,35.8,36,2.2,2000,18.3,1.58,0,0,"Summer","No Holiday","Yes","Evening"
12,8,2018,1156,33.7,48,2.3,2000,21.1,0.41,0,0,"Summer","No Holiday","Yes","Evening"
13,8,2018,1358,33.2,55,2.7,1600,22.9,0.55,0,0,"Summer","No Holiday","Yes","Evening"
14,8,2018,1306,34.7,51,3,2000,23,1.22,0,0,"Summer","No Holiday","Yes","Evening"
15,8,2018,960,33.6,55,3.9,1929,23.3,0.86,0,0,"Summer","Holiday","Yes","Evening"
16,8,2018,1384,33.8,37,2.2,2000,17,1.74,0,0,"Summer","No Holiday","Yes","Evening"
17,8,2018,1666,33.1,27,1.9,1975,11.5,1.76,0,0,"Summer","No Holiday","Yes","Evening"
18,8,2018,1806,29.9,39,2.9,2000,14.4,0.86,0,0,"Summer","No Holiday","Yes","Evening"
19,8,2018,1721,32.7,33,2.5,1994,14.3,1.18,0,0,"Summer","No Holiday","Yes","Evening"
20,8,2018,1704,32.1,44,2.6,1731,18.3,0.6,0,0,"Summer","No Holiday","Yes","Evening"
21,8,2018,1663,30.8,52,2.3,1953,19.8,1.49,0,0,"Summer","No Holiday","Yes","Evening"
22,8,2018,1495,36.4,39,1.2,2000,20.2,1.15,0,0,"Summer","No Holiday","Yes","Evening"
23,8,2018,1249,30.8,59,2.2,2000,21.8,0.41,0,0,"Summer","No Holiday","Yes","Evening"
24,8,2018,403,24.1,89,1.9,2000,22.1,0.58,0,0,"Summer","No Holiday","Yes","Evening"
25,8,2018,1797,26.9,60,2.8,2000,18.4,0.77,0,0,"Summer","No Holiday","Yes","Evening"
26,8,2018,1399,23.5,58,1.2,2000,14.7,0.52,0,0,"Summer","No Holiday","Yes","Evening"
27,8,2018,1356,24.9,82,0.9,2000,21.6,0.67,0,0,"Summer","No Holiday","Yes","Evening"
28,8,2018,39,24.8,96,1.8,564,24.1,0.14,2.5,0,"Summer","No Holiday","Yes","Evening"
29,8,2018,160,24.6,93,0.9,1451,23.3,0,1.5,0,"Summer","No Holiday","Yes","Evening"
30,8,2018,1473,26.8,73,2.6,916,21.5,0.37,0,0,"Summer","No Holiday","Yes","Evening"
31,8,2018,1869,29.1,49,2.8,1969,17.2,1.57,0,0,"Summer","No Holiday","Yes","Evening"
1,9,2018,1845,29.6,42,1.3,2000,15.3,0.98,0,0,"Autumn","No Holiday","Yes","Evening"
2,9,2018,2069,28.8,47,2,1998,16.3,1,0,0,"Autumn","No Holiday","Yes","Evening"
3,9,2018,23,22.7,96,4.9,452,22,0.07,13,0,"Autumn","No Holiday","Yes","Evening"
4,9,2018,1993,27.6,47,3.3,2000,15.2,1.49,0,0,"Autumn","No Holiday","Yes","Evening"
5,9,2018,2068,27.7,40,5,2000,12.8,1.51,0,0,"Autumn","No Holiday","Yes","Evening"
6,9,2018,1525,26.6,63,3,2000,18.9,0.43,0,0,"Autumn","No Holiday","Yes","Evening"
7,9,2018,2183,24.5,37,3.2,2000,8.8,1.04,0,0,"Autumn","No Holiday","Yes","Evening"
8,9,2018,2167,27.2,35,1.7,2000,10.3,1.32,0,0,"Autumn","No Holiday","Yes","Evening"
9,9,2018,2201,27.7,33,1.1,2000,9.9,1.21,0,0,"Autumn","No Holiday","Yes","Evening"
10,9,2018,2147,26.6,40,1.4,2000,11.8,0.69,0,0,"Autumn","No Holiday","Yes","Evening"
11,9,2018,2171,25.4,44,1.2,2000,12.2,0.84,0,0,"Autumn","No Holiday","Yes","Evening"
12,9,2018,2129,27.8,41,1.9,1999,13.3,1.27,0,0,"Autumn","No Holiday","Yes","Evening"
13,9,2018,2021,27.9,51,1.4,2000,16.8,1.19,0,0,"Autumn","No Holiday","Yes","Evening"
14,9,2018,2059,25.9,56,1.7,2000,16.4,0.42,0,0,"Autumn","No Holiday","Yes","Evening"
15,9,2018,1474,24.4,75,0.6,2000,19.6,0.17,0,0,"Autumn","No Holiday","Yes","Evening"
16,9,2018,322,22,89,2.2,285,20,0.21,1,0,"Autumn","No Holiday","Yes","Evening"
17,9,2018,2056,27.3,43,2.6,2000,13.6,1.25,0,0,"Autumn","No Holiday","Yes","Evening"
18,9,2018,0,25.5,38,2.9,1997,10.1,0.92,0,0,"Autumn","No Holiday","No","Evening"
19,9,2018,0,25,44,1.3,1883,11.8,0.36,0,0,"Autumn","No Holiday","No","Evening"
20,9,2018,1290,19.3,76,2.1,2000,14.9,0.21,0,0,"Autumn","No Holiday","Yes","Evening"
21,9,2018,1904,21.2,77,1.2,2000,16.9,0.31,0,0,"Autumn","No Holiday","Yes","Evening"
22,9,2018,2045,24.6,35,3.6,1990,8.1,1.2,0,0,"Autumn","No Holiday","Yes","Evening"
23,9,2018,1591,24.1,41,2.4,2000,10,1.17,0,0,"Autumn","Holiday","Yes","Evening"
24,9,2018,1442,21.6,32,3.1,2000,4.1,1.2,0,0,"Autumn","Holiday","Yes","Evening"
25,9,2018,2033,22.9,33,1.4,2000,5.7,0.83,0,0,"Autumn","Holiday","Yes","Evening"
26,9,2018,2349,23.6,38,1.4,2000,8.4,1.04,0,0,"Autumn","No Holiday","Yes","Evening"
27,9,2018,2189,24.3,31,1.5,2000,6,1.17,0,0,"Autumn","No Holiday","Yes","Evening"
28,9,2018,0,21.7,52,1.1,2000,11.4,0.79,0,0,"Autumn","No Holiday","No","Evening"
29,9,2018,2432,26.3,31,1,2000,7.8,1.03,0,0,"Autumn","No Holiday","Yes","Evening"
30,9,2018,0,20.4,31,3.2,2000,2.6,1.06,0,0,"Autumn","No Holiday","No","Evening"
1,10,2018,1799,17.2,53,2.9,2000,7.5,0.25,0,0,"Autumn","No Holiday","Yes","Evening"
2,10,2018,0,21.2,40,2.4,2000,7,0.98,0,0,"Autumn","No Holiday","No","Evening"
3,10,2018,2400,23.3,36,1.7,1960,7.3,0.95,0,0,"Autumn","Holiday","Yes","Evening"
4,10,2018,0,24.2,44,1.5,2000,11.1,0.58,0,0,"Autumn","No Holiday","No","Evening"
5,10,2018,66,16.9,97,2.1,728,16.4,0.08,5.5,0,"Autumn","No Holiday","Yes","Evening"
6,10,2018,1870,21.1,64,1.2,2000,14,0.4,0,0,"Autumn","No Holiday","Yes","Evening"
7,10,2018,2255,19.4,32,3.2,2000,2.2,0.63,0,0,"Autumn","No Holiday","Yes","Evening"
8,10,2018,2127,20,28,0.7,2000,0.9,0.79,0,0,"Autumn","No Holiday","Yes","Evening"
9,10,2018,0,18.4,39,2.1,2000,4.1,0.45,0,0,"Autumn","Holiday","No","Evening"
10,10,2018,1775,13.1,45,3.1,2000,1.4,0.62,0,0,"Autumn","No Holiday","Yes","Evening"
11,10,2018,1685,13.2,36,3.6,2000,-1.5,0.55,0,0,"Autumn","No Holiday","Yes","Evening"
12,10,2018,1902,16.3,39,1.7,1969,2.3,0.8,0,0,"Autumn","No Holiday","Yes","Evening"
13,10,2018,1995,18.7,33,1.1,1164,2,0.7,0,0,"Autumn","No Holiday","Yes","Evening"
14,10,2018,1990,18.2,43,2.3,1925,5.4,0.68,0,0,"Autumn","No Holiday","Yes","Evening"
15,10,2018,1773,19.3,49,2.8,966,8.3,0.55,0,0,"Autumn","No Holiday","Yes","Evening"
16,10,2018,1811,18.4,38,1.8,1565,3.8,0.5,0,0,"Autumn","No Holiday","Yes","Evening"
17,10,2018,1896,16.9,34,2.5,2000,0.9,0.74,0,0,"Autumn","No Holiday","Yes","Evening"
18,10,2018,1804,16.9,44,1.6,2000,4.5,0.44,0,0,"Autumn","No Holiday","Yes","Evening"
19,10,2018,1939,18.5,35,2.2,2000,2.7,0.68,0,0,"Autumn","No Holiday","Yes","Evening"
20,10,2018,1949,19.2,23,1.5,2000,-2.4,0.62,0,0,"Autumn","No Holiday","Yes","Evening"
21,10,2018,1883,18.8,24,2.1,2000,-2.2,0.63,0,0,"Autumn","No Holiday","Yes","Evening"
22,10,2018,1904,18.9,35,1.7,720,3,0.41,0,0,"Autumn","No Holiday","Yes","Evening"
23,10,2018,1604,15.7,63,3.2,1118,8.6,0.39,0,0,"Autumn","No Holiday","Yes","Evening"
24,10,2018,1904,17,47,2.2,1989,5.5,0.59,0,0,"Autumn","No Holiday","Yes","Evening"
25,10,2018,1961,19.2,36,0.7,1643,3.7,0.38,0,0,"Autumn","No Holiday","Yes","Evening"
26,10,2018,1386,14.3,77,2.9,1966,10.3,0.5,0,0,"Autumn","No Holiday","Yes","Evening"
27,10,2018,1176,9.5,34,5.7,2000,-5.6,0.45,0,0,"Autumn","No Holiday","Yes","Evening"
28,10,2018,535,9.4,85,1.2,2000,6.9,0.07,1.5,0,"Autumn","No Holiday","Yes","Evening"
29,10,2018,1274,10,43,4.9,2000,-2,0.43,0,0,"Autumn","No Holiday","Yes","Evening"
30,10,2018,1357,9.9,40,2.6,2000,-3,0.47,0,0,"Autumn","No Holiday","Yes","Evening"
31,10,2018,1462,11.3,41,1.8,2000,-1.4,0.51,0,0,"Autumn","No Holiday","Yes","Evening"
1,11,2018,1569,13.7,37,1.4,2000,-0.7,0.49,0,0,"Autumn","No Holiday","Yes","Evening"
2,11,2018,1730,17,36,1.5,1672,1.8,0.47,0,0,"Autumn","No Holiday","Yes","Evening"
3,11,2018,0,16.7,45,2.2,772,4.6,0.43,0,0,"Autumn","No Holiday","No","Evening"
4,11,2018,1596,16.9,33,2.2,1972,0.5,0.43,0,0,"Autumn","No Holiday","Yes","Evening"
5,11,2018,1664,15.7,49,2,1252,5,0.26,0,0,"Autumn","No Holiday","Yes","Evening"
6,11,2018,0,15.3,63,1.2,260,8.2,0.23,0,0,"Autumn","No Holiday","No","Evening"
7,11,2018,1115,14.9,73,0.9,854,10,0.04,0,0,"Autumn","No Holiday","Yes","Evening"
8,11,2018,30,11.9,97,0.7,269,11.4,0,0,0,"Autumn","No Holiday","Yes","Evening"
9,11,2018,0,12.9,66,3.6,682,6.6,0.32,0,0,"Autumn","No Holiday","No","Evening"
10,11,2018,1379,14.8,47,1.3,787,3.5,0.35,0,0,"Autumn","No Holiday","Yes","Evening"
11,11,2018,660,8.9,57,3,1149,0.8,0.03,0,0,"Autumn","No Holiday","Yes","Evening"
12,11,2018,1472,11.8,43,1.8,1685,-0.3,0.34,0,0,"Autumn","No Holiday","Yes","Evening"
13,11,2018,1420,12.7,40,1.9,1967,-0.5,0.33,0,0,"Autumn","No Holiday","Yes","Evening"
14,11,2018,1532,13.6,46,1.8,1374,2.1,0.31,0,0,"Autumn","No Holiday","Yes","Evening"
15,11,2018,1416,13.7,38,1.4,884,-0.3,0.29,0,0,"Autumn","No Holiday","Yes","Evening"
16,11,2018,1346,11,70,2.9,617,5.7,0.12,0,0,"Autumn","No Holiday","Yes","Evening"
17,11,2018,1031,7.7,34,2.6,2000,-7.2,0.13,0,0,"Autumn","No Holiday","Yes","Evening"
18,11,2018,1039,8.7,42,1.7,1576,-3.5,0.18,0,0,"Autumn","No Holiday","Yes","Evening"
19,11,2018,1233,8.7,48,1.7,965,-1.7,0.25,0,0,"Autumn","No Holiday","Yes","Evening"
20,11,2018,1269,9.8,28,2.4,1983,-7.8,0.29,0,0,"Autumn","No Holiday","Yes","Evening"
21,11,2018,1101,5.7,61,2.2,1987,-1.2,0.07,0,0,"Autumn","No Holiday","Yes","Evening"
22,11,2018,1101,4.9,41,3.3,1985,-7.2,0.25,0,0,"Autumn","No Holiday","Yes","Evening"
23,11,2018,1101,5.4,19,0.5,2000,-16.4,0.27,0,0,"Autumn","No Holiday","Yes","Evening"
24,11,2018,435,2.9,85,1.6,1000,0.6,0.2,0,3.5,"Autumn","No Holiday","Yes","Evening"
25,11,2018,813,9,59,0.7,677,1.4,0.1,0,0.4,"Autumn","No Holiday","Yes","Evening"
26,11,2018,1156,11.4,48,0.4,706,0.7,0.24,0,0,"Autumn","No Holiday","Yes","Evening"
27,11,2018,1033,11.1,72,2.3,277,6.2,0.12,0,0,"Autumn","No Holiday","Yes","Evening"
28,11,2018,1099,7.6,23,2.9,1678,-12.2,0.25,0,0,"Autumn","No Holiday","Yes","Evening"
29,11,2018,996,5.8,38,1.3,1674,-7.4,0.01,0,0,"Autumn","No Holiday","Yes","Evening"
30,11,2018,1047,6,29,2.1,1877,-10.7,0.23,0,0,"Autumn","No Holiday","Yes","Evening"
